{"nb_candidates": 82, "employers_names": ["Minist\u00e8re de l'Economie, des Finances et de la Souverainet\u00e9 industrielle et num\u00e9rique", "Chambres r\u00e9gionales des comptes", "Minist\u00e8re de la Transition \u00e9cologique et de la Coh\u00e9sion des territoires\n", "Minist\u00e8re de l'Europe et des Affaires \u00e9trang\u00e8res", "Minist\u00e8re de la transformation et de la fonction publiques", "Tribunaux administratifs et cours administratives d'appel", "Inspection g\u00e9n\u00e9rale de l'administration", "Minist\u00e8re du travail, du plein emploi et de l\u2019insertion, minist\u00e8re de la sant\u00e9 et de la pr\u00e9vention, minist\u00e8re des solidarit\u00e9s, de l'autonomie et des personnes handicap\u00e9es", "Minist\u00e8re de l'int\u00e9rieur", "Inspection g\u00e9n\u00e9rale des finances", "Minist\u00e8re de la Justice", "Minist\u00e8re de la Culture", "Minist\u00e8re des Arm\u00e9es", "Minist\u00e8re de l'Education nationale, de la Jeunesse et des Sports\nMinist\u00e8re de l\u2019enseignement sup\u00e9rieur, de la recherche et de l\u2019innovation", "Ville de Paris", "Minist\u00e8re de l'Agriculture et de la Souverainet\u00e9 alimentaire", "Minist\u00e8re de l'Int\u00e9rieur", "Caisse des d\u00e9p\u00f4ts et consignations", "Conseil d'Etat", "Cour des comptes", "Inspection g\u00e9n\u00e9rale des affaires sociales"], "employers_popularities": [0.07099432493424308, 0.01223668752728685, 0.016903410698629304, 0.05196034470168341, 0.0159430121239555, 0.03934659554043182, 0.024536959651011665, 0.04394886781643619, 0.013822280856314657, 16.928496527418112, 0.013522728558903446, 0.02530366408897618, 0.016903410698629304, 0.013522728558903446, 0.013522728558903446, 0.016903410698629304, 0.03456940956954422, 0.004245691236587428, 0.7691551939697956, 2.768330644869613, 0.10583137792341196], "employers_capacities": [21, 3, 5, 4, 3, 6, 1, 13, 2, 2, 4, 3, 5, 4, 4, 5, 9, 1, 2, 2, 1], "jobs_names": ["Inspection g\u00e9n\u00e9rale des finances", "Inspection g\u00e9n\u00e9rale des finances", "Cour des comptes", "Cour des comptes", "Conseil d'Etat", "Conseil d'Etat", "Inspection g\u00e9n\u00e9rale des affaires sociales", "Minist\u00e8re de l'Economie, des Finances et de la Souverainet\u00e9 industrielle et num\u00e9rique", "Minist\u00e8re de l'Economie, des Finances et de la Souverainet\u00e9 industrielle et num\u00e9rique", "Minist\u00e8re de l'Economie, des Finances et de la Souverainet\u00e9 industrielle et num\u00e9rique", "Minist\u00e8re de l'Economie, des Finances et de la Souverainet\u00e9 industrielle et num\u00e9rique", "Minist\u00e8re de l'Economie, des Finances et de la Souverainet\u00e9 industrielle et num\u00e9rique", "Minist\u00e8re de l'Economie, des Finances et de la Souverainet\u00e9 industrielle et num\u00e9rique", "Minist\u00e8re de l'Economie, des Finances et de la Souverainet\u00e9 industrielle et num\u00e9rique", "Minist\u00e8re de l'Economie, des Finances et de la Souverainet\u00e9 industrielle et num\u00e9rique", "Minist\u00e8re de l'Economie, des Finances et de la Souverainet\u00e9 industrielle et num\u00e9rique", "Minist\u00e8re de l'Economie, des Finances et de la Souverainet\u00e9 industrielle et num\u00e9rique", "Minist\u00e8re de l'Economie, des Finances et de la Souverainet\u00e9 industrielle et num\u00e9rique", "Minist\u00e8re de l'Economie, des Finances et de la Souverainet\u00e9 industrielle et num\u00e9rique", "Minist\u00e8re de l'Economie, des Finances et de la Souverainet\u00e9 industrielle et num\u00e9rique", "Minist\u00e8re de l'Economie, des Finances et de la Souverainet\u00e9 industrielle et num\u00e9rique", "Minist\u00e8re de l'Economie, des Finances et de la Souverainet\u00e9 industrielle et num\u00e9rique", "Minist\u00e8re de l'Economie, des Finances et de la Souverainet\u00e9 industrielle et num\u00e9rique", "Minist\u00e8re de l'Economie, des Finances et de la Souverainet\u00e9 industrielle et num\u00e9rique", "Minist\u00e8re de l'Economie, des Finances et de la Souverainet\u00e9 industrielle et num\u00e9rique", "Minist\u00e8re de l'Economie, des Finances et de la Souverainet\u00e9 industrielle et num\u00e9rique", "Minist\u00e8re de l'Economie, des Finances et de la Souverainet\u00e9 industrielle et num\u00e9rique", "Minist\u00e8re de l'Economie, des Finances et de la Souverainet\u00e9 industrielle et num\u00e9rique", "Minist\u00e8re de l'Europe et des Affaires \u00e9trang\u00e8res", "Minist\u00e8re de l'Europe et des Affaires \u00e9trang\u00e8res", "Minist\u00e8re de l'Europe et des Affaires \u00e9trang\u00e8res", "Minist\u00e8re de l'Europe et des Affaires \u00e9trang\u00e8res", "Minist\u00e8re du travail, du plein emploi et de l\u2019insertion, minist\u00e8re de la sant\u00e9 et de la pr\u00e9vention, minist\u00e8re des solidarit\u00e9s, de l'autonomie et des personnes handicap\u00e9es", "Minist\u00e8re du travail, du plein emploi et de l\u2019insertion, minist\u00e8re de la sant\u00e9 et de la pr\u00e9vention, minist\u00e8re des solidarit\u00e9s, de l'autonomie et des personnes handicap\u00e9es", "Minist\u00e8re du travail, du plein emploi et de l\u2019insertion, minist\u00e8re de la sant\u00e9 et de la pr\u00e9vention, minist\u00e8re des solidarit\u00e9s, de l'autonomie et des personnes handicap\u00e9es", "Minist\u00e8re du travail, du plein emploi et de l\u2019insertion, minist\u00e8re de la sant\u00e9 et de la pr\u00e9vention, minist\u00e8re des solidarit\u00e9s, de l'autonomie et des personnes handicap\u00e9es", "Minist\u00e8re du travail, du plein emploi et de l\u2019insertion, minist\u00e8re de la sant\u00e9 et de la pr\u00e9vention, minist\u00e8re des solidarit\u00e9s, de l'autonomie et des personnes handicap\u00e9es", "Minist\u00e8re du travail, du plein emploi et de l\u2019insertion, minist\u00e8re de la sant\u00e9 et de la pr\u00e9vention, minist\u00e8re des solidarit\u00e9s, de l'autonomie et des personnes handicap\u00e9es", "Minist\u00e8re du travail, du plein emploi et de l\u2019insertion, minist\u00e8re de la sant\u00e9 et de la pr\u00e9vention, minist\u00e8re des solidarit\u00e9s, de l'autonomie et des personnes handicap\u00e9es", "Minist\u00e8re du travail, du plein emploi et de l\u2019insertion, minist\u00e8re de la sant\u00e9 et de la pr\u00e9vention, minist\u00e8re des solidarit\u00e9s, de l'autonomie et des personnes handicap\u00e9es", "Minist\u00e8re du travail, du plein emploi et de l\u2019insertion, minist\u00e8re de la sant\u00e9 et de la pr\u00e9vention, minist\u00e8re des solidarit\u00e9s, de l'autonomie et des personnes handicap\u00e9es", "Minist\u00e8re du travail, du plein emploi et de l\u2019insertion, minist\u00e8re de la sant\u00e9 et de la pr\u00e9vention, minist\u00e8re des solidarit\u00e9s, de l'autonomie et des personnes handicap\u00e9es", "Minist\u00e8re du travail, du plein emploi et de l\u2019insertion, minist\u00e8re de la sant\u00e9 et de la pr\u00e9vention, minist\u00e8re des solidarit\u00e9s, de l'autonomie et des personnes handicap\u00e9es", "Minist\u00e8re du travail, du plein emploi et de l\u2019insertion, minist\u00e8re de la sant\u00e9 et de la pr\u00e9vention, minist\u00e8re des solidarit\u00e9s, de l'autonomie et des personnes handicap\u00e9es", "Minist\u00e8re du travail, du plein emploi et de l\u2019insertion, minist\u00e8re de la sant\u00e9 et de la pr\u00e9vention, minist\u00e8re des solidarit\u00e9s, de l'autonomie et des personnes handicap\u00e9es", "Tribunaux administratifs et cours administratives d'appel", "Tribunaux administratifs et cours administratives d'appel", "Tribunaux administratifs et cours administratives d'appel", "Tribunaux administratifs et cours administratives d'appel", "Tribunaux administratifs et cours administratives d'appel", "Tribunaux administratifs et cours administratives d'appel", "Minist\u00e8re de l'Int\u00e9rieur", "Minist\u00e8re de l'Int\u00e9rieur", "Minist\u00e8re de l'Int\u00e9rieur", "Minist\u00e8re de l'Int\u00e9rieur", "Minist\u00e8re de l'Int\u00e9rieur", "Minist\u00e8re de l'Int\u00e9rieur", 